{
   "dashboards": [{
      "autoswitchEnabled": false,
      "columnCount": 1,
      "columnProportion": "1",
      "creationTime": 1542321907422,
      "description": "",
      "disabled": false,
      "gridsterMaxColumns": 12,
      "hidden": false,
      "homeTab": false,
      "id": "5342f171-20f0-44a7-8c83-bc99d0f63cf5",
      "importAttempts": 0,
      "importComplete": true,
      "isDefault": false,
      "locked": false,
      "name": "Oversize Virtual machines",
      "rank": 3,
      "shared": false,
      "temporary": false,
      "userId": "83b6d043-62fe-4e90-ba3f-56ae0db23242",
      "widgets": [
         {
            "collapsed": false,
            "config": {
               "chartViewItems": [],
               "refreshContent": {"refreshContent": false},
               "refreshInterval": 300,
               "resource": {
                  "adapterKindId": "VMWARE",
                  "allowDrag": true,
                  "allowDrop": true,
                  "checked": null,
                  "children": null,
                  "cls": "",
                  "depth": 1,
                  "expandable": true,
                  "expanded": false,
                  "href": "",
                  "hrefTarget": "",
                  "icon": "",
                  "iconCls": "resknd_default_vmware_vsphereworld",
                  "iconSrc": "images/resknd/default/16x16/VMWARE_vSphere World.png",
                  "id": "13351aa0-64ab-45db-8e6e-9921523bce89",
                  "index": 0,
                  "isFirst": true,
                  "isLast": true,
                  "leaf": false,
                  "loaded": false,
                  "loading": false,
                  "nodeType": "resource",
                  "parentId": "source",
                  "qshowDelay": 0,
                  "qtip": "",
                  "qtitle": "",
                  "resourceId": "resource:id:0_::_",
                  "resourceKindId": "002006VMWAREvSphere World",
                  "resourceKindKey": "vSphere World",
                  "resourceKindName": "vSphere World",
                  "resourceKindType": 8,
                  "resourceName": "vSphere World",
                  "root": false,
                  "rootResourceId": "13351aa0-64ab-45db-8e6e-9921523bce89",
                  "text": "vSphere World",
                  "traversalSpecId": "vSphere Hosts and Clusters-VMWARE-vSphere World",
                  "uniqueId": "13351aa0-64ab-45db-8e6e-9921523bce89_1542322172823",
                  "visible": true
               },
               "selectFirstRow": {"selectFirstRow": false},
               "selfProvider": {"selfProvider": true},
               "title": "CPU Oversize Virtual machines",
               "traversalSpecId": null,
               "viewDefinitionId": "70bc49bc-2422-49ce-821b-b68c9f9ecfe0"
            },
            "gridsterCoords": {
               "h": 6,
               "w": 8,
               "x": 1,
               "y": 1
            },
            "height": 324,
            "id": "fd122df8-8dde-4e56-aa61-fb41322d0283",
            "title": "CPU Oversize Virtual machines",
            "type": "View"
         },
         {
            "collapsed": false,
            "config": {
               "chartViewItems": [],
               "refreshContent": {"refreshContent": false},
               "refreshInterval": 300,
               "resource": {
                  "adapterKindId": "VMWARE",
                  "allowDrag": true,
                  "allowDrop": true,
                  "checked": null,
                  "children": null,
                  "cls": "",
                  "depth": 1,
                  "expandable": true,
                  "expanded": false,
                  "href": "",
                  "hrefTarget": "",
                  "icon": "",
                  "iconCls": "resknd_default_vmware_vsphereworld",
                  "iconSrc": "images/resknd/default/16x16/VMWARE_vSphere World.png",
                  "id": "13351aa0-64ab-45db-8e6e-9921523bce89",
                  "index": 0,
                  "isFirst": true,
                  "isLast": true,
                  "leaf": false,
                  "loaded": false,
                  "loading": false,
                  "nodeType": "resource",
                  "parentId": "source",
                  "qshowDelay": 0,
                  "qtip": "",
                  "qtitle": "",
                  "resourceId": "resource:id:0_::_",
                  "resourceKindId": "002006VMWAREvSphere World",
                  "resourceKindKey": "vSphere World",
                  "resourceKindName": "vSphere World",
                  "resourceKindType": 8,
                  "resourceName": "vSphere World",
                  "root": false,
                  "rootResourceId": "13351aa0-64ab-45db-8e6e-9921523bce89",
                  "text": "vSphere World",
                  "traversalSpecId": "vSphere Hosts and Clusters-VMWARE-vSphere World",
                  "uniqueId": "13351aa0-64ab-45db-8e6e-9921523bce89_1542321997703",
                  "visible": true
               },
               "selectFirstRow": {"selectFirstRow": false},
               "selfProvider": {"selfProvider": true},
               "title": "Memory Oversize Virtual machines",
               "traversalSpecId": null,
               "viewDefinitionId": "3514934d-702d-4ad0-9880-812a32ebdffd"
            },
            "gridsterCoords": {
               "h": 6,
               "w": 12,
               "x": 1,
               "y": 7
            },
            "height": 324,
            "id": "46b1aad3-6092-4848-9386-dd4006a8f4df",
            "title": "Memory Oversize Virtual machines",
            "type": "View"
         },
         {
            "collapsed": false,
            "config": {
               "chartViewItems": [
                  "legend",
                  "labels"
               ],
               "refreshContent": {"refreshContent": false},
               "refreshInterval": 300,
               "resource": {
                  "adapterKindId": "VMWARE",
                  "allowDrag": true,
                  "allowDrop": true,
                  "checked": null,
                  "children": null,
                  "cls": "",
                  "depth": 1,
                  "expandable": true,
                  "expanded": false,
                  "href": "",
                  "hrefTarget": "",
                  "icon": "",
                  "iconCls": "resknd_default_vmware_vsphereworld",
                  "iconSrc": "images/resknd/default/16x16/VMWARE_vSphere World.png",
                  "id": "13351aa0-64ab-45db-8e6e-9921523bce89",
                  "index": 0,
                  "isFirst": true,
                  "isLast": true,
                  "leaf": false,
                  "loaded": false,
                  "loading": false,
                  "nodeType": "resource",
                  "parentId": "source",
                  "qshowDelay": 0,
                  "qtip": "",
                  "qtitle": "",
                  "resourceId": "resource:id:0_::_",
                  "resourceKindId": "002006VMWAREvSphere World",
                  "resourceKindKey": "vSphere World",
                  "resourceKindName": "vSphere World",
                  "resourceKindType": 8,
                  "resourceName": "vSphere World",
                  "root": false,
                  "rootResourceId": "13351aa0-64ab-45db-8e6e-9921523bce89",
                  "text": "vSphere World",
                  "traversalSpecId": "vSphere Hosts and Clusters-VMWARE-vSphere World",
                  "uniqueId": "13351aa0-64ab-45db-8e6e-9921523bce89_1542322460573",
                  "visible": true
               },
               "selectFirstRow": {"selectFirstRow": false},
               "selfProvider": {"selfProvider": true},
               "title": "Distribution oversize virtual machines",
               "traversalSpecId": null,
               "viewDefinitionId": "9100d5a2-76ed-4b05-b5ab-51280a76d742"
            },
            "gridsterCoords": {
               "h": 6,
               "w": 4,
               "x": 9,
               "y": 1
            },
            "height": 324,
            "id": "8fa9eb28-becd-43ef-9a92-da825864586a",
            "title": "Distribution oversize virtual machines",
            "type": "View"
         }
      ]
   }],
   "entries": {"resource": [{
      "adapterKindKey": "VMWARE",
      "identifiers": [],
      "internalId": "resource:id:0_::_",
      "name": "vSphere World",
      "resourceKindKey": "vSphere World"
   }]},
   "uuid": "5d3c2e03-0655-42ef-9139-d571fd33c45d"
}